{
  "kernel": "reference",
  "problem": {
    "m": 512,
    "n": 512,
    "k": 1024,
    "batch": 1,
    "dtype": "F32"
  },
  "average_time_ms": 1058.3745584,
  "gflops": 0.5072598426889774
}